﻿<?xml version="1.0" encoding="utf-8"?>
<devicedb major="1" minor="1">
	<devices>
		<device name="WICED WiFi">
			<configuration name="WICED WiFi" short_name="WICED WiFi" vid="0x0a5c" pid="0x43fa" interface="0" protocol="bulk"/>
			<configuration name="WICED WiFi" short_name="WICED WiFi" vid="0x04b4" pid="0xf900" interface="0" protocol="bulk"/>
		</device>
		<device name="WICED Bluetooth">
			<configuration name="WICED Bluetooth" short_name="WICED BT" vid="0x04b4" pid="0x009b" protocol="serial" platform_id="0x21"/>
			<configuration name="WICED Bluetooth" short_name="WICED BT" vid="0x04b4" pid="0x009b" protocol="serial" platform_id="0x24"/>
			<configuration name="WICED Bluetooth" short_name="WICED BT" vid="0x04b4" pid="0x009b" protocol="serial" platform_id="0xC4"/>
			<configuration name="WICED Bluetooth" short_name="WICED BT" vid="0x04b4" pid="0x009b" protocol="serial" platform_id="0x14"/>
			<configuration name="WICED Bluetooth" short_name="WICED BT" vid="0x04b4" pid="0x009b" protocol="serial" platform_id="0xAB"/>
			<configuration name="WICED Bluetooth" short_name="WICED BT" vid="0x04b4" pid="0x0005" protocol="serial" platform_id="0x14"/>
			<configuration name="WICED Bluetooth" short_name="WICED BT" vid="0x04b4" pid="0x009e" protocol="serial" platform_id="0x14"/>
			<configuration name="WICED Bluetooth" short_name="WICED BT" vid="0x04b4" pid="0xf166" protocol="serial" platform_id="0x81"/>
			<configuration name="WICED Bluetooth" short_name="WICED BT" vid="0x04b4" pid="0xf16a" protocol="serial" platform_id="0x81"/>
			<configuration name="WICED Bluetooth" short_name="WICED BT" vid="0x04b4" pid="0xf168" protocol="serial" platform_id="0x9d"/>
			<configuration name="WICED Bluetooth" short_name="WICED BT" vid="0x04b4" pid="0xf169" protocol="serial" platform_id="0x9d"/>
		</device>
		<device name="KitProg Bootloader">
			<configuration name="KitProg Bootloader" short_name="KP BL" vid="0x04b4" pid="0xf146" protocol="hid" mode="bootloader" props="KitProg3" />
		</device>
		<device name="KitProg2">
			<configuration name="KitProg2" short_name="KP2" vid="0x4b4" pid="0xf147" interface="0" protocol="hid" props="KitProg3"/> 
			<configuration name="KitProg2 CMSIS-DAP HID" short_name="KP2 HID" vid="0x4b4" pid="0xf148" interface="0" protocol="hid" props="KitProg3"/> 
		</device>
		<device name="MiniProg4">
			<configuration name="MiniProg4" short_name="MP4" vid="0x4b4" pid="0xf151" interface="1" type="bridge" protocol="hid" props="KitProg3"/> 
			<configuration name="MiniProg4" short_name="MP4" vid="0x4b4" pid="0xf152" interface="1" type="bridge" protocol="hid" props="KitProg3"/> 
			<configuration name="MiniProg4" short_name="MP4" vid="0x4b4" pid="0xf151" interface="1" type="bridge" protocol="bulk" props="KitProg3"/> 
			<configuration name="MiniProg4" short_name="MP4" vid="0x4b4" pid="0xf152" interface="1" type="bridge" protocol="bulk" props="KitProg3"/>
			<configuration name="MiniProg4 CMSIS-DAP BULK" short_name="MP4 BULK" vid="0x4b4" pid="0xf151" interface="0" type="programming" protocol="bulk" mode="bulk" props="KitProg3"/> 
			<configuration name="MiniProg4 CMSIS-DAP HID" short_name="MP4 HID" vid="0x4b4" pid="0xf152" interface="0" type="programming" protocol="hid" mode="hid" props="KitProg3"/> 
		</device>
		<device name="KitProg3">
			<configuration name="KitProg3" short_name="KP3" vid="0x4b4" pid="0xf154" interface="1" type="bridge" protocol="hid" props="KitProg3"/> 
			<configuration name="KitProg3" short_name="KP3" vid="0x4b4" pid="0xf155" interface="1" type="bridge" protocol="hid" props="KitProg3"/> 
			<configuration name="KitProg3" short_name="KP3" vid="0x4b4" pid="0xf154" interface="1" type="bridge" protocol="bulk" props="KitProg3"/> 
			<configuration name="KitProg3" short_name="KP3" vid="0x4b4" pid="0xf155" interface="1" type="bridge" protocol="bulk" props="KitProg3"/> 
			<configuration name="KitProg3" short_name="KP3" vid="0x4b4" pid="0xf168" interface="1" type="bridge" protocol="bulk" props="KitProg3"/> 
			<configuration name="KitProg3" short_name="KP3" vid="0x4b4" pid="0xf169" interface="1" type="bridge" protocol="bulk" props="KitProg3"/> 
			<configuration name="KitProg3 CMSIS-DAP HID" short_name="KP3 HID" vid="0x4b4" pid="0xf154" interface="0" type="programming" protocol="hid" mode="hid" props="KitProg3"/> 
			<configuration name="KitProg3 CMSIS-DAP HID" short_name="KP3 HID" vid="0x4b4" pid="0xf168" interface="0" type="programming" protocol="hid" mode="hid" props="KitProg3"/> 
			<configuration name="KitProg3 CMSIS-DAP BULK" short_name="KP3 BULK" vid="0x4b4" pid="0xf155" interface="0" type="programming" protocol="bulk" mode="bulk" props="KitProg3"/> 
			<configuration name="KitProg3 CMSIS-DAP BULK" short_name="KP3 BULK" vid="0x4b4" pid="0xf166" interface="0" type="programming" protocol="bulk" mode="dualuart" props="KitProg3"/> 
			<configuration name="KitProg3 CMSIS-DAP BULK" short_name="KP3 BULK" vid="0x4b4" pid="0xf169" interface="0" type="programming" protocol="bulk" mode="bulk" props="KitProg3"/> 
			<configuration name="KitProg3 CMSIS-DAP BULK" short_name="KP3 BULK" vid="0x4b4" pid="0xf16a" interface="0" type="programming" protocol="bulk" mode="dualuart" props="KitProg3"/> 
		</device>
		<device name="KitProg3/MiniProg4 UART">
			<configuration name="MiniProg4 USB-UART" short_name="KP3" vid="0x4b4" pid="0xf151" interface="2" type="uart_bridge" protocol="serial" props="KitProg3"/> 
			<configuration name="MiniProg4 USB-UART" short_name="KP3" vid="0x4b4" pid="0xf152" interface="2" type="uart_bridge" protocol="serial" props="KitProg3"/> 
			<configuration name="KitProg3 USB-UART" short_name="KP3" vid="0x4b4" pid="0xf154" interface="2" type="uart_bridge" protocol="serial" props="KitProg3"/> 
			<configuration name="KitProg3 USB-UART" short_name="KP3" vid="0x4b4" pid="0xf155" interface="2" type="uart_bridge" protocol="serial" props="KitProg3"/> 
			<configuration name="KitProg3 Primary UART" short_name="KP3" vid="0x4b4" pid="0xf166" interface="1" type="uart_bridge" protocol="serial" props="KitProg3"/> 
			<configuration name="KitProg3 Secondary UART" short_name="KP3" vid="0x4b4" pid="0xf166" interface="2" type="uart_bridge" protocol="serial" props="KitProg3"/> 
			<configuration name="HCI UART" short_name="KP3" vid="0x4b4" pid="0xf168" interface="2" type="uart_bridge" protocol="serial" props="KitProg3"/> 
			<configuration name="HCI UART" short_name="KP3" vid="0x4b4" pid="0xf169" interface="2" type="uart_bridge" protocol="serial" props="KitProg3"/> 
			<configuration name="HCI UART" short_name="KP3" vid="0x4b4" pid="0xf16a" interface="1" type="uart_bridge" protocol="serial" props="KitProg3"/> 
			<configuration name="Peripheral UART" short_name="KP3" vid="0x4b4" pid="0xf16a" interface="2" type="uart_bridge" protocol="serial" props="KitProg3"/> 
		</device>
		<device name="DAPLink">
			<configuration name="CMSIS-DAP v2" short_name="KP3 DAPLink BULK" vid="0xd28" pid="0x204" interface="0" protocol="bulk" mode="daplink" props="KitProg3"/> 
			<configuration name="CMSIS-DAP v2" short_name="KP3 DAPLink BULK" vid="0xd28" pid="0x204" interface="5" protocol="bulk" mode="daplink" props="KitProg3"/> 
		</device>
	</devices>
</devicedb>